ID,Account ID,Name,Email_Address,Title,CompanyName
1,1,Petey Cruiser,contact.name@intel.com,Buyer,Intel
2,1,Anna Sthesia,contact.name@intel.com,TECHNICAL ASSOCIATE,Intel
3,1,Paul Molive,contact.name@intel.com,Purchasing Agent,Intel
4,2,Anna Mull,contact.name@edgecomm.com,Safety Director,Edge Communications
5,2,Gail Forcewind,contact.name@edgecomm.com,Safety Officer,Edge Communications
6,2,Bob Frapples,contact.name@edgecomm.com,IT Manager,Edge Communications
7,3,Barb Ackue,contact.name@burlington.com,CMO,Burlington Textiles Corp of America
8,3,Monty Carlo,contact.name@burlington.com,Laboratory Manager,Burlington Textiles Corp of America
9,3,Sue Vaneer,contact.name@burlington.com,Purchasing Agent,Burlington Textiles Corp of America
